{
  "current-scene": "0d990bf6-f04e-4eff-b26e-c817008e0367",
  "gizmos-infos": {
    "iconGizmoSize": 2,
    "isGridVisible": true,
    "isIconGizmo3D": false
  },
  "camera-infos": {
    "0d990bf6-f04e-4eff-b26e-c817008e0367": {
      "position": {
        "x": 1.5408653419579073,
        "y": 0.8484226421974008,
        "z": 1.7546446499968837
      },
      "rotation": {
        "w": 0.921468190587678,
        "x": -0.16221487357669892,
        "y": 0.3471651966560586,
        "z": 0.06109430460654022
      },
      "viewCenter": {
        "x": 0,
        "y": 0,
        "z": 0
      }
    },
    "1e66b565-190f-4004-a53e-fb0fa284fb34": {
      "position": {
        "x": 0,
        "y": 0,
        "z": 3037.5789719963504
      },
      "rotation": {
        "w": 1,
        "x": 0,
        "y": 0,
        "z": 0
      },
      "viewCenter": {
        "x": 0,
        "y": 0,
        "z": 0
      }
    },
    "e007fae5-f18f-4378-9b94-8e5f2ae0457e": {
      "position": {
        "x": 601.16274100366,
        "y": 383.1526172988539,
        "z": 1157.2387423858593
      },
      "rotation": {
        "w": 0.9993396085219519,
        "x": -0.02791006522056541,
        "y": -0.015683401551952053,
        "z": -0.0004455366226551941
      },
      "viewCenter": {
        "x": 637.4345124140024,
        "y": 318.5362040044701,
        "z": 1.8970209175076889
      }
    },
    "f46876e4-e81b-4931-b493-6d367be385e7": {
      "position": {
        "x": 603.894908686274,
        "y": 250.80347970704923,
        "z": 1000
      },
      "rotation": {
        "w": 1,
        "x": 0,
        "y": 0,
        "z": 0
      },
      "viewCenter": {
        "x": 0,
        "y": 0,
        "z": 0
      }
    }
  },
  "camera-uuids": [
    "1e66b565-190f-4004-a53e-fb0fa284fb34"
  ]
}
