{
  "current-scene": "1e66b565-190f-4004-a53e-fb0fa284fb34",
  "gizmos-infos": {
    "iconGizmoSize": 2,
    "isGridVisible": true,
    "isIconGizmo3D": false
  },
  "camera-infos": {
    "1e66b565-190f-4004-a53e-fb0fa284fb34": {
      "position": {
        "x": 568,
        "y": 320,
        "z": 1000
      },
      "rotation": {
        "w": 1,
        "x": 0,
        "y": 0,
        "z": 0
      },
      "viewCenter": {
        "x": 497.48909839078135,
        "y": 481.40998798440245,
        "z": 66.50092117088161
      }
    },
    "e007fae5-f18f-4378-9b94-8e5f2ae0457e": {
      "position": {
        "x": 536.1832463454406,
        "y": 310.9809919043481,
        "z": 1000
      },
      "rotation": {
        "w": 1,
        "x": 0,
        "y": 0,
        "z": 0
      },
      "viewCenter": {
        "x": 497.48909839078135,
        "y": 481.40998798440245,
        "z": 66.50092117088161
      }
    },
    "f46876e4-e81b-4931-b493-6d367be385e7": {
      "position": {
        "x": 603.894908686274,
        "y": 250.80347970704923,
        "z": 1000
      },
      "rotation": {
        "w": 1,
        "x": 0,
        "y": 0,
        "z": 0
      },
      "viewCenter": {
        "x": 0,
        "y": 0,
        "z": 0
      }
    }
  },
  "camera-uuids": [
    "e007fae5-f18f-4378-9b94-8e5f2ae0457e"
  ]
}
