{
  "current-scene": "1e66b565-190f-4004-a53e-fb0fa284fb34",
  "gizmos-infos": {
    "iconGizmoSize": 2,
    "isGridVisible": true,
    "isIconGizmo3D": false
  },
  "camera-infos": {
    "0d990bf6-f04e-4eff-b26e-c817008e0367": {
      "position": {
        "x": 7.018682326568751,
        "y": 6.319235663319205,
        "z": 0.443136583052933
      },
      "rotation": {
        "w": 0.7008224013523046,
        "x": -0.21664298342581692,
        "y": 0.6494998213721552,
        "z": 0.19949409483732378
      },
      "viewCenter": {
        "x": -0.271231054617727,
        "y": 1.3397378393986843,
        "z": -0.10688923130672073
      }
    },
    "1e66b565-190f-4004-a53e-fb0fa284fb34": {
      "position": {
        "x": 1515.179145210552,
        "y": 833.4927609933937,
        "z": 1005.454096350401
      },
      "rotation": {
        "w": 0.860898989212242,
        "x": -0.1877026607419119,
        "y": 0.461746819464794,
        "z": 0.09990893570441596
      },
      "viewCenter": {
        "x": 0,
        "y": 2.523,
        "z": 0
      }
    },
    "e007fae5-f18f-4378-9b94-8e5f2ae0457e": {
      "position": {
        "x": 536.1832463454406,
        "y": 310.9809919043481,
        "z": 1090.8989683662642
      },
      "rotation": {
        "w": 1,
        "x": 0,
        "y": 0,
        "z": 0
      },
      "viewCenter": {
        "x": 497.48909839078135,
        "y": 481.40998798440245,
        "z": 66.50092117088161
      }
    },
    "f46876e4-e81b-4931-b493-6d367be385e7": {
      "position": {
        "x": 603.894908686274,
        "y": 250.80347970704923,
        "z": 1000
      },
      "rotation": {
        "w": 1,
        "x": 0,
        "y": 0,
        "z": 0
      },
      "viewCenter": {
        "x": 0,
        "y": 0,
        "z": 0
      }
    }
  },
  "camera-uuids": [
    "0d990bf6-f04e-4eff-b26e-c817008e0367"
  ]
}
