{
  "current-scene": "0d990bf6-f04e-4eff-b26e-c817008e0367",
  "gizmos-infos": {
    "iconGizmoSize": 2,
    "isGridVisible": true,
    "isIconGizmo3D": false
  },
  "camera-infos": {
    "0d990bf6-f04e-4eff-b26e-c817008e0367": {
      "position": {
        "x": 5.019364893774557,
        "y": 7.908955417289034,
        "z": 6.938840270201049
      },
      "rotation": {
        "w": 0.8962030367927845,
        "x": -0.3166895569757252,
        "y": 0.2898160056219668,
        "z": 0.10154695317963386
      },
      "viewCenter": {
        "x": 0,
        "y": 1,
        "z": 0
      }
    },
    "1e66b565-190f-4004-a53e-fb0fa284fb34": {
      "position": {
        "x": 2953.323092285687,
        "y": 1622.2141051015524,
        "z": 1959.788590260883
      },
      "rotation": {
        "w": 0.860898989212242,
        "x": -0.1877026607419119,
        "y": 0.461746819464794,
        "z": 0.09990893570441596
      },
      "viewCenter": {
        "x": 0,
        "y": 2.523,
        "z": 0
      }
    },
    "e007fae5-f18f-4378-9b94-8e5f2ae0457e": {
      "position": {
        "x": 536.1832463454406,
        "y": 310.9809919043481,
        "z": 1090.8989683662642
      },
      "rotation": {
        "w": 1,
        "x": 0,
        "y": 0,
        "z": 0
      },
      "viewCenter": {
        "x": 497.48909839078135,
        "y": 481.40998798440245,
        "z": 66.50092117088161
      }
    },
    "f46876e4-e81b-4931-b493-6d367be385e7": {
      "position": {
        "x": 603.894908686274,
        "y": 250.80347970704923,
        "z": 1000
      },
      "rotation": {
        "w": 1,
        "x": 0,
        "y": 0,
        "z": 0
      },
      "viewCenter": {
        "x": 0,
        "y": 0,
        "z": 0
      }
    }
  },
  "camera-uuids": [
    "0d990bf6-f04e-4eff-b26e-c817008e0367"
  ]
}
